id;name;distance;type;satellite
1;input FTP;91373;GAZ;2022-07-08T02:14:14
2;target Steel;47698;ICE;2022-07-08T11:56:20
3;Chicken Outdoors;50263;ICE;2022-07-08T07:48:18
4;hard vortals d'Orsel;10413;ICE;2022-07-08T07:02:44
5;a quantifying Polarised;21877;ICE;2022-07-08T07:00:51
6;green New;48553;GAZ;2022-07-07T20:43:05
7;AGP e-commerce Account;40715;ICE;2022-07-08T05:47:45
8;virtual Ergonomic;26815;GAZ;2022-07-07T15:05:03
9;initiatives;35371;STONE;2022-07-07T15:27:44
10;compress open-source Ergonomic;33731;ICE;2022-07-08T09:02:56
